Producto,Precio
Zapatillas Dime Stan Smith,$109.990
Zapatillas Dime Stan Smith,$109.990
Zapatillas SSTR N 2005,$139.990
Zapatillas ZX 6001 B Civilist,$99.990
Zapatillas Koln 24,$99.990
Zapatillas Munchen 24,$99.990
Zapatillas LWST,$89.990
Zapatillas LWST,$89.990
Zapatillas Rivalry Summer Low,"$109.990
$76.990"
Zapatillas Handball Spezial,$89.990
Zapatillas Samba XLG,$99.990
Zapatillas LWST,$89.990
Zapatillas Samba OG,$99.990
Zapatillas Gazelle Indoor,$89.990
Zapatillas Samba JJJJound,$139.990
Zapatillas Gazelle Bold,$89.990
Zapatillas Samba XLG,$99.990
Zapatillas Superstar,$79.990
Zapatillas Samba OG,$99.990
Zapatillas Campus 00s,$94.990
Zapatillas Samba OG,$99.990
Zapatillas Gazelle Indoor,$89.990
Zapatillas Adi2000,$89.990
Zapatillas de Básquet AE 1 Velocity Blue,$119.990
Zapatillas Duramo RC,$39.990
Zapatillas Superstar,$79.990
Zapatillas Samba OG,$99.990
Zapatillas Gazelle,$79.990
Zapatillas adidas VL Court 3.0,$64.990
Zapatillas Gazelle,$79.990
Zapatillas Samba OG,$99.990
Zapatillas Gazelle,$79.990
Zapatillas SL 72 RS,$79.990
Zapatillas Samba OG,$99.990
Zapatillas Samba OG,$99.990
Zapatillas Handball Spezial,$89.990
Zapatillas Samba Decon,$129.990
Zapatillas Rivalry Low,$84.990
Zapatillas Samba OG,$99.990
Zapatillas Samba adidas Originals,$99.990
Zapatillas adidas Grand Court,$64.990
Zapatillas Duramo SL,$59.990
YEEZY BOOST 350 V2,$184.990
Zapatillas Falcon,$89.990
Zapatillas Gazelle,$79.990
Zapatillas Gazelle Indoor,$89.990
Zapatillas Stan Smith,$79.990
YEEZY BOOST 350 V2,$184.990
YEEZY BOOST 700,$209.990
Zapatillas Gazelle,$79.990
Zapatillas Superstar XLG,$89.990
Zapatillas Samba Decon,$129.990
Zapatillas Handball Spezial,$89.990
Zapatillas Forum Mid,$99.990
Zapatillas adidas VL Court 3.0,$64.990
YEEZY 500,$169.990
YEEZY BOOST 350 V2,$184.990
Zapatillas Samba OG,$99.990
Zapatillas Samba OG,$99.990
Zapatillas Forum Mid,$99.990
Zapatillas Forum Mid,$99.990
YEEZY BOOST 700,$209.990
Zapatillas Handball Spezial,$89.990
Zapatillas Adizero Boston 12,$149.990
Zapatillas CourtJam Control 3 para Tenis,$99.990
YZY KNIT RNR,$164.990
Zapatillas Duramo Speed,$89.990
YZY 700 V3,$174.990
Zapatillas Gazelle,$79.990
Zapatillas Samba OG,$99.990
Zapatillas de Trail Running Terrex Agravic Speed Ultra,$179.990
Zapatillas Superstar,$79.990
Zapatillas Gazelle Argentina,$79.990
Zapatillas Running Switch Run,$79.990
Zapatillas Avaflash Low para Tenis,$99.990
FREE HIKER 2.0 GORE-TEX,$159.990
Zapatillas Dropset 2,"$124.990
$60.990"
Zapatillas Ultraboost 1.0,"$149.990
$59.990"
Zapatillas Handball Spezial,$89.990
Zapatillas adidas Court Plataforma,"$59.990
$41.990"
Zapatillas Run Falcon 2.0,"$54.990
$37.990"
Zapatillas Busenitz Pro,$89.990
Zapatillas de Senderismo Terrex AX4 GORE-TEX,"$119.990
$95.990"
RESPONSE CL,$119.990
Zapatillas de Plataforma Bravada 2.0,$64.990
Zapatillas Ultraboost Light 23,"$169.990
$67.990"
TERREX TRACEROCKER 2 GTX,"$94.990
$65.990"
Zapatillas Samba ADV x Kader,$99.990
FREE HIKER 2.0 GORE-TEX,"$189.990
$132.990"
Zapatillas Puig Indoor,$89.990
Zapatillas Crazy 8,"$149.990
$89.990"
Zapatillas de Senderismo Terrex Free Hiker 2.0 GORE-TEX,$199.990
Zapatillas de Running Switch Move,"$47.990
$32.990"
Zapatillas Gazelle,$79.990
Zapatillas Gazelle,$79.990
Zapatillas Samba OG,$99.990
Zapatillas Runfalcon 2.0,"$59.990
$41.990"
Zapatillas NMD_R1,$129.990
Zapatillas Stan Smith Lux,"$139.990
$97.990"
Zapatillas Superstar,$79.990
CAMPUS 00s,$124.990
Zapatillas Crazy 8,"$149.990
$89.990"
Zapatillas Forum 84 High,"$119.990
$71.990"
Zapatillas Ultrabounce,"$89.990
$49.990"
Zapatillas Response Super 3.0,"$89.990
$62.990"
Zapatillas X_PLR Phase,"$109.990
$43.990"
Zapatillas Dropset 2,$124.990
Zapatillas Solarglide 6,"$139.990
$55.990"
Zapatillas Advantage Base,"$49.990
$34.990"
Zapatillas de Senderismo Terrex AX4 Mid GORE-TEX,"$129.990
$103.990"
Zapatillas NMD_R1,"$129.990
$51.990"
Zapatillas Showtheway 2.0,"$52.990
$36.990"
Zapatillas Gazelle Real Madrid,$79.990
Zapatillas Everyset,"$74.990
$51.990"
Zapatillas Forum Mid,$109.990
Zapatillas Lite Racer 3.0,$44.990
Zapatillas Duramo SL,"$59.990
$41.990"
Zapatillas de Senderismo Terrex AX4 GORE-TEX,$139.990
Zapatillas OZWEEGO,"$119.990
$71.990"
Zapatillas de Senderismo Terrex AX4 GORE-TEX,$129.990
Zapatillas Forum Low,$99.990
Zapatillas Gazelle,$79.990
Zapatillas Tyshawn Low,"$89.990
$53.990"
Zapatillas NMD_V3,$129.990
Zapatillas Response Runner,$49.990
Zapatillas Courtblock,$57.990
Zapatillas Everyset Trainer,$74.990
Tenis Superstar,$89.990
Zapatillas Gazelle FC Bayern,$79.990
Zapatillas NMD_S1,$159.990
Zapatillas Advantage Base,"$49.990
$39.990"
Zapatillas Duramo SL,$59.990
Zapatillas Courtblock,$57.990
Zapatillas Samba,$119.990
Zapatillas AdiFOM TRXN,"$109.990
$76.990"
adiFOM TRXN,$109.990
Zapatillas Samba,$99.990
Zapatillas adidas Grand Court TD Lifestyle Court Casual,$49.990
Zapatillas Alphaboost V1,$119.990
Zapatillas Superstar,$89.990
Zapatillas Run Falcon 2.0,"$54.990
$37.990"
Zapatillas Response Runner,$49.990
Zapatillas OZELIA,"$109.990
$65.990"
Zapatillas OZWEEGO,"$119.990
$71.990"
Zapatillas OZWEEGO,"$119.990
$71.990"
Zapatillas Lite Racer 3.0,$39.990
Zapatillas Falcon,$94.990
Zapatillas Stan Smith CS,$69.990
Zapatillas Harden Volume 7,$159.990
YEEZY BOOST 350,$184.990
FREE HIKER 2.0 LOW GORE-TEX,$169.990
Zapatillas Nucombe,$109.990
Zapatillas Superstar Bonega,$99.990
Zapatillas Duramo SL,$59.990
Zapatillas Postmove SE,"$67.990
$46.990"
Zapatillas X_PLR Phase,$109.990
Zapatillas de Trail Running Tracefinder,$49.990
Zapatillas Duramo SL,$59.990
Zapatillas de Senderismo Terrex Swift R3 GORE-TEX,$149.990
RESPONSE CL,$119.990
Zapatillas Racer TR23,$74.990
Zapatillas Lite Racer 3.0,$39.990
Zapatillas Trae Unlimited,$99.990
Zapatillas Everyset Trainer,$74.990
Court TNS Premiere Shoes,"$89.990
$71.990"
Zapatillas Forum Low,$94.990
Zapatillas de Running 4DFWD 3,"$239.990
$167.990"
Zapatillas Samba,$99.990
Zapatillas Bounce Legends,$84.990
Zapatillas Adistar 2.0,$139.990
Zapatillas Trae Young 3,"$149.990
$104.990"
Zapatillas Gazelle Indoor,$99.990
Zapatillas Adifom TRXN,"$109.990
$76.990"
Zapatillas SoleMatch Control para Tenis,"$129.990
$90.990"
Zapatillas Duramo Speed,$89.990
Zapatillas Duramo RC,$52.990
Zapatillas Galaxy 6,$54.990
Zapatillas Galaxy 6,$54.990
Zapatillas Midcity Low,$74.990
Zapatillas de Senderismo de Cuero RAIN.RDY,$69.990
Zapatillas X_PLR Phase,"$109.990
$76.990"
Zapatillas Runfalcon 2.0,$59.990
Zapatillas Response,"$69.990
$48.990"
Zapatillas NY 90,$79.990
Zapatillas Gamecourt 2.0 para Tenis,$69.990
Zapatillas Supernova Running 3,$99.990
Zapatillas de Senderismo Terrex AX4 GORE-TEX,$129.990
Trae Unlimited,$99.990
Zapatillas Questar,$84.990
Zapatillas De Running Adidas Adizero SL,$109.990
Zapatillas 3MC,$64.990
Zapatillas de Running Alphabounce+ Sustainable Bounce,$89.990
Zapatillas Ultraboost 21,$89.990
Zapatillas Alphabounce+,$54.990
Zapatillas Galaxy 6,$54.990
Zapatillas Galaxy 6,$99.990
Zapatillas Rapidmove,$84.990
Zapatillas EQ21 Run,"$129.990
$64.990"
Zapatillas NMD_R1,$59.990
Zapatillas AlphaEdge +,$119.990
ADIZERO SL,$57.990
Zapatillas Breaknet 2.0,$89.990
Zapatillas Duramo Speed,$79.990
Zapatillas Dame Certified 2.0,"$159.990
$111.990"
Zapatillas Five Ten Trailcross XT,$67.990
Zapatillas Run 70s,$104.990
Zapatillas Superstar 82,$52.990
Zapatillas Forum Low Classic,$109.990
Zapatillas Showtheway 2.0,$179.990
FORUM 84 LOW,$229.990
Zapatillas Ultraboost 22,$59.990
Zapatillas ADIZERO ADIOS PRO 3,$129.990
Zapatillas Runfalcon 2.0,$72.990
Zapatillas de Trail Running Terrex Agravic Flow 2.0,$149.990
Zapatillas Response,$139.990
Zapatillas Adizero Rose 1.5 Restomod,$104.990
Zapatillas de Running Switch FWD,$86.990
Zapatillas Bermuda,$439.990
Zapatillas Questar,$52.990
Y-3 TERREX SWIFT R3 GTX,$139.990
Zapatillas Showtheway 2.0,$129.990
Trae Young 3 003,$104.990
Zapatillas Dame 8 Exply,$69.990
Zapatillas Alphaboost V1,$76.990
Zapatillas Response,"$139.990
$97.990"
Zapatillas Running Switch Run,$94.990
Zapatillas Adistar Cushion 3,$72.990
Zapatillas Forum Low CL,$74.990
Zapatillas Duramo Protect,$89.990
Zapatillas Stan Smith CS,"$159.990
$111.990"
Zapatillas Duramo Speed,$159.990
ZAPATILLAS SOULSTRIDE FLOW GTX,$52.990
Botas Response 3MC ADV,$79.990
OZWEEGO CELOX,$74.990
Zapatillas Adizero Boston 11,$54.990
Zapatillas NMD_R1,"$119.990
$83.990"
Zapatillas de Trail Running Terrex Soulstride Flow,$54.990
Zapatillas adidas VL Court Base,$99.990
Zapatillas Superstar XLG,$89.990
Zapatillas Response Super 3.0,$94.990
Zapatillas Court Revival,$89.990
Zapatillas para correr Solarglide 5,$59.990
Zapatillas Adimatic,$129.990
Zapatillas Runfalcon 2.0,$86.990
Zapatillas Stan Smith Lux,$79.990
Zapatillas Questar,$159.990
Zapatillas Nizza Trek,$169.990
Zapatillas Solarboost 5,$189.990
Zapatillas X_PLR Boost,"$139.990
$97.990"
Zapatillas de Mountain Bike Five Ten Trailcross GORE-TEX,$149.990
Zapatillas Adistar Cushion 3,$57.990
Zapatillas Orketro,$69.990
Zapatillas Courtblock,"$149.990
$104.990"
Zapatillas OwnTheGame,$239.990
Zapatillas Ozweego x Disney,$109.990
Zapatillas de Senderismo Terrex AX4 GORE-TEX,$129.990
Zapatillas 4DFWD,$44.990
Zapatillas Superturf Adventure Sean Wotherspoon,$69.990
Zapatillas X_PLR Phase,$289.990
Zapatillas Pureboost 22,$104.990
Zapatillas Runfalcon,$72.990
Zapatillas Galaxy Star,$49.990
Zapatillas Y-3 Ultraboost Light 23,$57.990
Zapatillas Swift Run 23,$129.990
Zapatillas Galaxy 6,$59.990
Zapatillas de Senderismo Terrex Free Hiker XPL,$57.990
Zapatillas Duramo Protect,$119.990
PepRun M,$99.990
Zapatillas Hoops 2.0,$89.990
Zapatillas NMD_R1,$99.990
Zapatillas de Running Runfalcon 5,$94.990
Zapatillas Lifestyle Hoops 3.0,$72.990
Zapatillas Grand Court Alpha,$69.990
Zapatillas Lite Racer CLN 2.0,$49.990
Zapatillas Coreracer,$49.990
Zapatillas Courtbeat adidas Court Lifestyle,$64.990
Zapatillas Forum 84 Hi AEC,$44.990
Levato W,$59.990
Zapatillas AlphaEdge+,$149.990
CRAZY IIINFINITY,$52.990
Zapatillas Duramo 9,$54.990
Zapatillas Nizza,$119.990
Zapatillas VS Pace 2.0,$64.990
Zapatillas OZTRAL,$94.990
Zapatillas ZX 2K BOOST 2.0,$84.990
Zapatillas Advantage,$69.990
Zapatillas Swift Run,$59.990
Zapatillas Questar,$69.990
Zapatillas Stan Smith,$74.990
Zapatillas Ozelia,$64.990
Zapatillas Grand Court Alpha,$119.990
Zapatillas AlphaEdge +,$129.990
Zapatillas Grand Court Alpha,$49.990
Zapatillas Puremotion 2.0,$62.990
Zapatillas Nizza Parley,$69.990
Zapatillas de Senderismo Terrex Swift R3,$84.990
Zapatillas Supernova,$209.990
Zapatillas Swift Run X,$59.990
Zapatillas X9000L4,$59.990
Zapatillas Alphaedge+,$64.990
Zapatillas EQ21 Run,$159.990
Zapatillas Nebzed Cloudfoam,$159.990
Zapatillas Lite Racer Adapt 4.0 Cloudfoam Calce Fácil,$84.990
Zapatillas Lite Racer Adapt 3,$129.990
Calzado de ciclismo de ruta,"$124.990
$60.990"
Zapatillas NMD_S1,"$169.990
$67.990"
Zapatillas de Senderismo Terrex Trailmaker,"$169.990
$67.990"
Zapatillas Lite Racer Adapt 4.0,"$189.990
$75.990"
Zapatillas Breaknet Plus,"$124.990
$60.990"
Zapatillas de Senderismo Terrex Swift R2 GORE-TEX Corte Medio,"$169.990
$84.990"
Zapatillas Dropset 2,"$109.990
$65.990"
Zapatillas Ultraboost Light,"$79.990
$55.990"
Zapatillas Ultraboost Light 23,"$109.990
$90.990"
Zapatillas Ultraboost Light,"$169.990
$67.990"
Zapatillas Dropset 2,"$169.990
$67.990"
YEEZY 450,"$169.990
$67.990"
Zapatillas Niteball 2.0,"$64.990
$44.990"
Zapatillas de Senderismo Eastrail 2.0,"$129.990
$64.990"
Zapatillas de Senderismo Terrex AX4 GORE-TEX,"$89.990
$53.990"
Zapatillas Ultraboost Light 23,"$109.990
$76.990"
Zapatillas Ultraboost Light,"$79.990
$55.990"
Zapatillas Ultraboost Light,$159.990
Zapatillas adidas Grand Court 2.0,"$59.990
$41.990"
Zapatillas NMD_R1,"$39.990
$27.990"
Zapatillas Tyshawn Low,$79.990
OZWEEGO,$89.990
Zapatillas de Senderismo Eastrail 2.0,$159.990
Zapatillas Free Hiker 2.0 GORE-TEX,"$169.990
$84.990"
Zapatillas de Entrenamiento Amplimove,"$139.990
$69.990"
Zapatillas Lite Racer 3.0,"$184.990
$91.990"
Zapatillas SL 72 RS,"$59.990
$41.990"
Zapatillas Gazelle Indoor,"$39.990
$27.990"
Zapatillas Free Hiker 2.0 GORE-TEX,"$179.990
$89.990"
YEEZY 450,"$159.990
$79.990"
Zapatillas NMD_V3,$94.990
YZY 350 V2 CMPCT,"$54.990
$37.990"
Zapatillas Duramo SL,$89.990
Zapatillas Lite Racer 3.0,"$124.990
$60.990"
Zapatillas NMD_S1,"$84.990
$58.990"
Zapatillas NMD_S1,"$159.990
$79.990"
Zapatillas Gazelle Indoor,$89.990
Zapatillas NMD_V3,"$129.990
$64.990"
Zapatillas Rivalry Low,"$89.990
$53.990"
Zapatillas NMD_R1,"$129.990
$64.990"
Zapatillas NMD_R1,"$129.990
$64.990"
Zapatillas de Senderismo Terrex AX4,"$94.990
$65.990"
Zapatillas London 96,$89.990
Zapatillas Duramo SL,"$59.990
$41.990"
Zapatillas Crazyflight 5 Cancha Cubierta,$119.990
Zapatillas NMD_S1,"$179.990
$89.990"
Zapatillas Duramo SL,"$59.990
$41.990"
Zapatillas Free Hiker 2.0 GORE-TEX,$159.990
Zapatillas de Mountain Bike Five Ten Freerider,"$109.990
$87.990"
Zapatillas NMD_S1,"$179.990
$89.990"
Zapatillas Dropset 2,"$124.990
$99.990"
TERREX DAROGA TWO 13 H.RDY,"$89.990
$62.990"
Zapatillas Rivalry Low,"$84.990
$58.990"
Zapatillas Samba OG,$99.990
Zapatillas NMD S1,"$219.990
$109.990"
Zapatillas Response Runner,"$49.990
$34.990"
Zapatillas de Senderismo Unity Piel RAIN.RDY Mid,$99.990
Zapatillas de Senderismo Unity Piel RAIN.RDY Mid,$99.990
Zapatillas Forum Low CL,$89.990
Zapatillas Everyset,"$74.990
$51.990"
Zapatillas adidas Court Plataforma,"$59.990
$41.990"
Zapatillas NMD_R1,"$129.990
$64.990"
Zapatillas Response CL,$119.990
Zapatillas adidas Court Plataforma,"$59.990
$47.990"
Zapatillas Samba Humanrace Pharrell Williams,$149.990
USA 84,"$69.990
$48.990"
Zapatillas Park Street,"$69.990
$48.990"
Zapatillas Ultraboost Light,"$169.990
$67.990"
NY 90,"$69.990
$48.990"
Zapatillas Duramo SL,"$52.990
$36.990"
CENTENNIAL 85 LO ADV X DRE,$94.990
Zapatillas Free Hiker 2.0 Low GORE-TEX,$139.990
Zapatillas Ultimashow,"$52.990
$36.990"
Zapatillas Trae Young Unlimited 2 Low,"$99.990
$69.990"
Zapatillas de Mountain Bike Five Ten Trailcross GORE-TEX,"$189.990
$132.990"
Zapatillas Terrex Swift T3 Gore-Tex,"$109.990
$98.990"
Zapatillas Park ST,"$69.990
$48.990"
Zapatillas Samba Humanrace Pharrell Williams,$149.990
Zapatillas de Trail Running Terrex Soulstride,"$69.990
$62.990"
TRAILMAKER 2,"$94.990
$65.990"
FREE HIKER 2.0 LOW GORE-TEX,"$139.990
$118.990"
Zapatillas AE 1 New Wave,$119.990
Zapatillas OZMILLEN,$89.990
Zapatillas NMD_R1 V3,"$139.990
$69.990"
Zapatillas NMD_R1,"$119.990
$59.990"
Zapatillas de Senderismo Terrex AX4,"$94.990
$65.990"
Zapatillas NMD_S1Tejidas,"$219.990
$109.990"
Zapatillas Top Ten LP,"$84.990
$50.990"
Zapatillas Racer TR23,"$74.990
$59.990"
Zapatillas Park Street,"$69.990
$48.990"
Zapatillas NMD_V3,"$139.990
$69.990"
Zapatillas Trailmaker 2,$94.990
Zapatillas ZNSORED Hi,"$99.990
$69.990"
Zapatillas adidas VL Court 3.0,$64.990
Zapatillas Runfalcon 3 TR,"$69.990
$48.990"
HANDBALL SPEZIAL,$89.990
Zapatillas NMD S1 MAHBS,"$219.990
$109.990"
Zapatillas de Running 4DFWD 3,"$239.990
$167.990"
Zapatillas Terrex Swift T3 Gore-Tex,"$159.990
$95.990"
YZY 350 V2 CMPCT,"$184.990
$91.990"
Zapatillas Run Falcon 2.0,"$54.990
$37.990"
Zapatillas ADIZERO ADIOS PRO 3,$229.990
Zapatillas Jamaica OG,$109.990
Zapatillas Run Falcon 2.0,"$54.990
$37.990"
Zapatillas De Ciclismo Para Interiores,"$129.990
$77.990"
Zapatillas Predator Mundial,$99.990
Zapatillas Hamburg 24,$89.990
Zapatillas EQ19 Run,"$84.990
$58.990"
Zapatillas Rivalry Mid,"$99.990
$69.990"
Zapatillas Puig Indoor,"$89.990
$53.990"
Zapatillas EQ21 Run,"$84.990
$58.990"
Zapatillas Park Street,"$69.990
$48.990"
Zapatillas Amsterdam,"$89.990
$71.990"
Zapatillas OZMILLEN,$89.990
Zapatillas Response CL,$119.990
Zapatillas Avryn,"$129.990
$90.990"
Zapatillas Supernova Running 3,"$109.990
$65.990"
Zapatillas de Senderismo Terrex AX4 GORE-TEX,$109.990
Zapatillas Avryn,"$129.990
$77.990"
Zapatillas SoleMatch Control para Tenis,"$129.990
$90.990"
Zapatillas Stan Smith x Homer Simpson,"$109.990
$76.990"
Zapatillas para Mountain Bike Five Ten Freerider Pro,"$139.990
$111.990"
Zapatillas Mad Infinity,$129.990
Zapatillas Hoops 3.0 Low Classic Vintage,$62.990
Zapatillas Free Hiker 2.0 Low GORE-TEX,$139.990
Zapatillas Top Ten RB,"$84.990
$58.990"
Zapatillas EQ21 Run,"$84.990
$58.990"
YEEZY 450,"$169.990
$84.990"
Zapatillas de Trail Running Terrex Soulstride,"$89.990
$62.990"
Zapatillas Terrex Voyager 21 HEAT.RDY Travel Calce Fácil,"$74.990
$51.990"
Zapatillas Amsterdam,"$89.990
$62.990"
Calzado de Ciclismo Gravilla,"$199.990
$139.990"
Zapatillas Osade,"$99.990
$69.990"
Zapatillas adidas Grand Court 2.0,"$64.990
$44.990"
Zapatillas Esiod,"$139.990
$83.990"
Zapatillas Dame Certified 2,$89.990
Zapatillas Run 70s,"$67.990
$46.990"
Zapatillas Entrap,"$69.990
$48.990"
Zapatillas Ultrabounce,"$79.990
$55.990"
Zapatillas Response,"$72.990
$50.990"
HANDBALL SPEZIAL,$89.990
Zapatillas X_PLR Phase,"$109.990
$76.990"
Zapatillas Stan Smith CS,$74.990
Zapatillas Kantana,"$84.990
$58.990"
Zapatillas Nucombe,"$119.990
$83.990"
Zapatillas Runfalcon 2.0,"$59.990
$41.990"
Zapatillas Pureboost 23,"$129.990
$90.990"
KANTANA,"$84.990
$58.990"
Zapatillas NMD_W1,"$149.990
$74.990"
Zapatillas Duramo SL 2.0,"$59.990
$41.990"
YEEZY 450,"$174.990
$86.990"
Zapatillas Stan Smith CS,$69.990
Zapatillas Amsterdam,"$89.990
$62.990"
COURTPHASE,$44.990
Zapatillas Forum Low CL,$89.990
Zapatillas Duramo SL,$59.990
Zapatillas Stan Smith CS,$74.990
Zapatillas Adizero Ubersonic 4.1 para Tenis,$159.990
Zapatillas NY 90,"$69.990
$48.990"
Zapatillas de Senderismo Terrex Anylander,$64.990
Zapatillas Ultraboost DNA x COPA World Cup,"$189.990
$75.990"
Zapatillas Top Ten RB,"$84.990
$58.990"
IMPACT PRO,"$159.990
$111.990"
Zapatillas Rivalry Low,"$94.990
$56.990"
TORSION SUPER,"$124.990
$85.990"
Zapatillas Campus 00s,$94.990
Zapatillas NMD S1 MAHBS,"$189.990
$94.990"
Zapatillas adidas Grand Court,"$64.990
$44.990"
Zapatillas de Trail Running Terrex Speed Ultra,"$159.990
$95.990"
Zapatillas Busenitz Vintage,$89.990
RETROPY E5,"$124.990
$85.990"
Zapatillas NMD_R1,"$129.990
$64.990"
Zapatillas Five Ten Kestrel BOA,"$229.990
$160.990"
Zapatillas Ultraboost Light 23,"$169.990
$67.990"
Zapatillas Samba Humanrace Pharrell Williams,$149.990
Zapatillas NMD_V3,"$129.990
$64.990"
Zapatillas Forum Mid,"$119.990
$71.990"
Zapatillas Galaxy Star,"$69.990
$48.990"
Zapatillas de Senderismo Terrex AX4,$94.990
Zapatillas adidas Front Court,$79.990
Zapatillas 3MC Vulc,$64.990
Zapatillas Forum Deconstructed,"$119.990
$71.990"
Zapatillas Rivalry Low 86,"$104.990
$83.990"
Zapatillas de Senderismo Terrex AX4 Mid GORE-TEX,$149.990
Zapatillas Ozelle Cloudfoam,"$79.990
$55.990"
Zapatillas Hoops 3.0 Low Classic Vintage,$62.990
Zapatillas Terrex Swift R3,$179.990
Zapatillas de Trail Running Terrex Soulstride,"$69.990
$62.990"
USA 84,$67.990
Zapatillas SL 72 RS,$79.990
Zapatillas de Senderismo Terrex Free Hiker 2.0,"$139.990
$118.990"
USA 84,"$69.990
$48.990"
Zapatillas Ozelia,"$109.990
$76.990"
Zapatillas de Senderismo Terrex AX4 GORE-TEX,"$109.990
$87.990"
Zapatillas adidas VL Court 3.0,$64.990
Zapatillas Rivalry Low 86,"$104.990
$83.990"
Zapatillas Superstar,$109.990
Zapatillas Adifom Climacool,"$99.990
$69.990"
ZNSORED HI PREM LEATHER,"$99.990
$69.990"
Zapatillas Galaxy Star,"$69.990
$48.990"
Zapatillas Ultraboost DNA x COPA World Cup,"$189.990
$75.990"
Zapatillas Barricade para Tenis,"$169.990
$118.990"
Zapatillas NMD_S1,"$179.990
$89.990"
Zapatillas Alphaboost V1,"$119.990
$83.990"
Zapatillas Lite Racer Adapt 6.0,"$69.990
$48.990"
Zapatillas NMD_S1,"$179.990
$89.990"
Zapatillas Harden Volume 8,$159.990
Zapatillas para Mountain Bike Five Ten Freerider Lona,"$119.990
$95.990"
Zapatillas de Senderismo Terrex Free Hiker 2.0,"$199.990
$119.990"
Zapatillas Forum Low,$89.990
Zapatillas Samba OG,$99.990
Zapatillas Adistar 2.0,"$139.990
$97.990"
Zapatillas Lite Racer Adapt 6.0,"$69.990
$48.990"
Zapatillas Adistar 2.0,"$139.990
$97.990"
Zapatillas Ultraboost COLD.RDY DNA,"$144.990
$57.990"
Zapatillas de Trail Running Terrex Soulstride Flow,"$84.990
$67.990"
Zapatillas Galaxy 6,"$54.990
$37.990"
Zapatillas Duramo SL 2.0,"$59.990
$41.990"
RESPONSE CL,"$119.990
$71.990"
Zapatillas de Senderismo Terrex AX3 GORE-TEX Corte Medio,$129.990
Zapatillas Predator 94,$119.990
Zapatillas Run 80s,$74.990
Zapatillas de Trail Running Terrex Speed flow,"$89.990
$71.990"
Zapatillas NMD_R1,"$129.990
$51.990"
Zapatillas Questar,"$84.990
$58.990"
Zapatillas EQ21 Run,"$84.990
$58.990"
Zapatillas Amsterdam,$89.990
Zapatillas Barricade para Tenis,"$169.990
$118.990"
Zapatillas Niteball 2.0,$109.990
BLONDEY WINTERHILL,$129.990
Zapatillas de Trail Running Terrex Agravic Pro,"$199.990
$119.990"
Zapatillas Busenitz,"$89.990
$53.990"
ADIZERO SL,$119.990
Zapatillas Stan Smith CS,$69.990
Zapatillas NMD_S1,"$159.990
$79.990"
Zapatillas Runfalcon 3 TR,"$69.990
$48.990"
Zapatillas Runfalcon 2.0,"$59.990
$41.990"
Zapatillas Harden Volume 8,$159.990
Zapatillas de Running 4DFWD x STRUNG 4D,"$249.990
$174.990"
Zapatillas Stan Smith CS,"$74.990
$51.990"
Zapatillas Superstar XLG,$89.990
Zapatillas EQ21 Run,$84.990
Zapatillas NMD_S1,"$179.990
$89.990"
Zapatillas Everyset,$74.990
Zapatillas NMD S1 MAHBS,"$219.990
$109.990"
Zapatillas Response CL,$119.990
Zapatillas NMD_S1,"$159.990
$79.990"
Zapatillas Rivalry Low 86,"$119.990
$83.990"
COURTPHASE,$44.990
Zapatillas Kantana,"$84.990
$58.990"
Zapatillas NMD_R1,"$129.990
$64.990"
Zapatillas para Mountain Bike Five Ten Freerider Pro,"$119.990
$95.990"
Zapatillas OZMILLEN,$89.990
Zapatillas Duramo SL,"$59.990
$41.990"
Zapatillas de Senderismo Terrex Anylander,$64.990
Zapatillas Harden Volume 8,$159.990
Zapatillas Retropy E5,"$104.990
$72.990"
ADIDAS SWITCH FWD 2 M,$139.990
RESPONSE CL,$119.990
Zapatillas Ultrabounce,"$79.990
$55.990"
STAN SMITH LUX,"$129.990
$77.990"
Zapatillas adidas Court TNS Premiere,"$89.990
$62.990"
Zapatillas de Trail Running Terrex Soulstride Flow,"$129.990
$77.990"
Zapatillas ADIZERO ADIOS PRO 3,$229.990
Zapatillas Harden Volume 7,"$179.990
$125.990"
Zapatillas Nizza Platform Mid,"$72.990
$42.990"
Zapatillas Handball Spezial,$89.990
Zapatillas de Trail Running Terrex Agravic Flow 2.0,"$99.990
$89.990"
Zapatillas de Trail Running Terrex Soulstride,"$69.990
$62.990"
Zapatillas OZWEEGO,"$119.990
$71.990"
Zapatillas Run Falcon 2.0,$54.990
COPA PREMIERE,"$89.990
$62.990"
Zapatillas NMD_R1,"$129.990
$64.990"
Zapatillas Bravada,$52.990
Zapatillas de Básquet D.O.N. Issue 5,$149.990
Zapatillas OZELIA,"$109.990
$76.990"
Zapatillas adidas Court Funk,"$89.990
$62.990"
Zapatillas Busenitz Vintage,$89.990
Zapatillas Runfalcon 2.0,"$59.990
$41.990"
Zapatillas Alphaboost V1,"$119.990
$83.990"
Zapatillas Matchbreak Super,$79.990
USA 84,$67.990
Zapatillas Forum Bonega,$99.990
Zapatillas Run 70s,$67.990
Zapatillas Rivalry Low,"$89.990
$71.990"
Zapatillas Rivalry Summer Low,$109.990
Zapatillas Forum Bonega,$99.990
Zapatillas NMD_S1 Knit,"$219.990
$109.990"
Zapatillas OZWEEGO,"$119.990
$71.990"
Busenitz Vulc 2.0 Shoes,$77.990
Zapatillas NMD_V3,"$129.990
$64.990"
Zapatillas Samba Veganas,$99.990
Zapatillas de Running Alphabounce+ Sustainable Bounce,"$89.990
$62.990"
Zapatillas Hoops 3.0 Low Classic,$62.990
Zapatillas de Trail Running Terrex Soulstride Flow,"$84.990
$83.990"
USA 84,$69.990
Zapatillas Trae Young Unlimited 2 Low,"$99.990
$69.990"
Zapatillas Rivalry Low,$89.990
Zapatillas Top Ten RB,"$84.990
$58.990"
Zapatillas Run 60s 3.0 Lifestyle Running,"$59.990
$47.990"
Zapatillas Predator 94,$119.990
Zapatillas Everyset,$74.990
Zapatillas Response,"$72.990
$50.990"
Zapatillas de Trail Running Terrex Agravic Flow GORE-TEX 2.0,"$119.990
$118.990"
Zapatillas de Senderismo TERREX WMN MID RAIN.RDY,"$119.990
$111.990"
Zapatillas X_PLR Pulse,"$54.990
$37.990"
Zapatillas de Mountain Bike Five Ten Trailcross GORE-TEX,"$189.990
$151.990"
Zapatillas Superstar,$89.990
Zapatillas Forum 84 Low ADV,$89.990
Zapatillas de Trail Running Terrex Trail Rider,"$74.990
$72.990"
Zapatillas de Running Alphabounce+ Sustainable Bounce,"$89.990
$62.990"
Zapatillas Adimatic,$84.990
Zapatillas AlphaEdge +,"$59.990
$41.990"
Zapatillas Court Tourino,"$89.990
$62.990"
Zapatillas Running Switch Run,"$76.990
$60.990"
Zapatillas de Mountain Bike Five Ten Freerider,"$109.990
$87.990"
Zapatillas de Ciclismo de Montaña Five Ten Sleuth,"$99.990
$69.990"
Zapatillas Rivalry Low 86,"$119.990
$83.990"
Zapatillas OZMILLEN,$89.990
Zapatillas de Mountain Bike Five Ten Freerider,"$109.990
$76.990"
Zapatillas Grand Court 2.0,"$64.990
$44.990"
Zapatillas OZELIA Knit,"$129.990
$77.990"
Zapatillas D Rose Son of Chi 3,"$119.990
$83.990"
Zapatillas Rapidmove ADV,"$119.990
$83.990"
Zapatillas de Running Alphabounce+ Sustainable Bounce,"$89.990
$62.990"
Botas de Senderismo Terrex Free Hiker 2.0 MWN,"$209.990
$146.990"
Zapatillas Forum Mid,$109.990
Zapatillas EQ21 Run,"$84.990
$58.990"
Zapatillas Rapidmove ADV,"$119.990
$83.990"
Zapatillas Samba Veganas,$99.990
Zapatillas Racer TR23,$74.990
Zapatillas Crazyflight 5 Cancha Cubierta,$119.990
Zapatillas Adimatic Mid Youth of Paris,$129.990
Zapatillas NMD_S1,"$179.990
$89.990"
Zapatillas Gazelle 85 Low,$79.990
Zapatillas Forum Mid,$109.990
Zapatillas adidas Rivalry 86 Low x The Simpsons,$119.990
Zapatillas Park ST,"$69.990
$48.990"
Zapatillas Rivalry Low TR,"$104.990
$62.990"
Zapatillas de Senderismo Terrex AX4,"$99.990
$59.990"
Zapatillas de Mountain Bike Five Ten Freerider,"$109.990
$92.990"
Zapatillas Courtflash Speed para Tenis,"$89.990
$62.990"
Zapatillas Rivalry Low 86,"$104.990
$62.990"
Zapatillas Adimatic,$84.990
Zapatillas Stan Smith CS,$69.990
Zapatillas Avryn,"$129.990
$90.990"
Zapatillas Superstar,$89.990
Zapatillas Falcon,$94.990
Zapatillas Response CL,$119.990
Zapatillas Court Tourino,"$89.990
$62.990"
FREE HIKER 2.0 LOW GORE-TEX,"$139.990
$118.990"
USA 84,$69.990
Zapatillas adidas Court TNS Premiere,$79.990
Zapatillas de Lona Terrex Voyager 21,"$79.990
$63.990"
Zapatillas Superstar,$84.990
Zapatillas Stan Smith,$99.990
Zapatillas Alphaboost V1,"$119.990
$83.990"
Zapatillas Response CL,$119.990
Zapatillas de Trail Running Terrex Agravic Flow 2.0 GORE-TEX,"$159.990
$127.990"
Zapatillas Crazy 8,$149.990
Zapatillas Run 60s 3.0 Lifestyle Running,"$59.990
$41.990"
Zapatillas Ozelle,"$79.990
$55.990"
Zapatillas Rivalry Low,"$94.990
$56.990"
Zapatillas de Trail Running Tracerocker 2.0,$69.990
Zapatillas Gazelle Y-3,$309.990
RESPONSE CL W,$119.990
Zapatillas Questar,"$84.990
$58.990"
Zapatillas Response CL,$119.990
Zapatillas EQ21 Run,"$84.990
$58.990"
Zapatillas Run 60s 2.0,"$59.990
$41.990"
Zapatillas de Running Alphabounce+ Sustainable Bounce,"$89.990
$62.990"
Zapatillas Campus 80s SFTM,$99.990
Zapatillas TMNT Shell-Toe Shredder,"$119.990
$83.990"
Zapatillas Break Start,$59.990
Zapatillas OZMILLEN,$89.990
Zapatillas Superstar Bonega 2B,$124.990
Zapatillas Stan Smith CS,"$74.990
$51.990"
Zapatillas Racer TR23,$74.990
Zapatillas Samba,$99.990
Zapatillas Ultrabounce,"$79.990
$55.990"
Zapatillas Trae Young 2.0,"$159.990
$111.990"
Zapatillas de Senderismo Terrex AX4 Primegreen,"$89.990
$71.990"
Zapatillas Blondey Pro Model ADV,$109.990
Zapatillas adidas Court Spec 2 para Tenis,$69.990
Zapatillas Runfalcon 3 TR,"$69.990
$48.990"
Zapatillas Falcon,$94.990
Zapatillas Courtflash Speed para Tenis,"$89.990
$62.990"
Zapatillas AdiFOM TRXN,"$129.990
$90.990"
Zapatillas NY 90,$69.990
CENTENNIAL 85 LO 001,"$119.990
$95.990"
Zapatillas Rivalry Low 86,$119.990
Zapatillas X_PLR Phase,"$109.990
$76.990"
Zapatillas Hoops 3.0 Mid Classic Vintage,$67.990
Zapatillas Forum Deconstructed,"$119.990
$71.990"
Zapatillas de Mountain Bike Five Ten Impact Pro Corte Medio,"$189.990
$132.990"
Zapatillas Rapidmove,"$99.990
$69.990"
Zapatillas Midcity Low,$74.990
Zapatillas EQ21 Run,"$84.990
$58.990"
Zapatillas Rivalry Low,$94.990
Zapatillas Response CL,$119.990
Zapatillas Adimatic,$84.990
Zapatillas de Running Alphabounce+ Sustainable Bounce,$89.990
ADIZERO SL,$119.990
Zapatillas Trae Young 3 Low,$149.990
Zapatillas para Mountain Bike Five Ten Freerider Pro,"$119.990
$95.990"
PREDATOR XLG,"$139.990
$111.990"
Zapatillas Forum Mid,$109.990
Zapatillas Torsion Tennis Low,"$109.990
$76.990"
Zapatillas Stan Smith,$109.990
Zapatillas Forum Low,$94.990
Zapatillas Run 80s,$74.990
Zapatillas Barricade para Tenis,"$159.990
$111.990"
Zapatillas Mocaturf Adventure,"$139.990
$97.990"
Zapatillas Falcon,$94.990
Zapatillas Stan Smith PRIDE RM,"$109.990
$65.990"
COURT TOURINO,"$84.990
$58.990"
Zapatillas OZWEEGO,"$119.990
$83.990"
Zapatillas Gazelle Y-3,$289.990
Zapatillas Racer TR23,"$74.990
$51.990"
Zapatillas X_PLORBOOST,"$169.990
$118.990"
Zapatillas Forum 84 Low,"$109.990
$87.990"
Zapatillas Questar,"$84.990
$58.990"
Zapatillas Gazelle Y-3,$289.990
Zapatos de Futbol OZWEEGO OG,"$119.990
$71.990"
Zapatillas X_PLORBOOST,"$159.990
$95.990"
Zapatillas Samba ADV,$109.990
Zapatillas Rivalry Low,"$94.990
$75.990"
Zapatillas adidas Grand Court 2.0,$64.990
Zapatillas Country OG,"$109.990
$76.990"
Zapatillas Alphaboost V1,"$119.990
$83.990"
Zapatillas Country OG,"$109.990
$76.990"
Zapatillas Ozelia,$109.990
Zapatillas Forum 84 Low CL Disney,"$129.990
$77.990"
Zapatillas Adimatic,$99.990
Zapatillas Racer TR23,"$74.990
$59.990"
Zapatillas Alphaboost V1,"$119.990
$83.990"
Zapatillas Samba,$99.990
COURT TOURINO,"$84.990
$58.990"
Zapatillas ZNCHILL LIGHTMOTION+,"$109.990
$76.990"
Zapatillas Forum Low CL,$89.990
Zapatillas Adimatic,$84.990
Zapatillas Crazy 8,"$149.990
$89.990"
Zapatillas Forum Low,$99.990
Zapatillas Gazelle Y-3,$329.990
Zapatillas NMD_W1,"$149.990
$74.990"
Zapatillas Court Tourino,"$89.990
$62.990"
Zapatillas Midcity Low,$74.990
Zapatillas de Running 4DFWD x STRUNG 4D,$249.990
Zapatillas Forum Low,$99.990
Zapatillas Multix,"$79.990
$55.990"
Zapatillas Duramo Speed,"$89.990
$62.990"
Zapatillas para Mountain Bike Five Ten Freerider Pro,"$129.990
$90.990"
RESPONSE CL,$119.990
Zapatillas AlphaEdge +,$59.990
Zapatillas X_PLR Pulse,"$54.990
$37.990"
Zapatillas Forum Low,$94.990
Zapatillas Superstar,$109.990
Zapatillas Duramo Speed,"$89.990
$62.990"
Zapatillas Samba Vegan x Disney Minnie,$99.990
Court TNS Premiere Shoes,$79.990
Zapatillas Questar,"$84.990
$58.990"
Zapatillas Dame 8 EXTPLY,$149.990
Zapatillas Forum Mid,$99.990
FORUM LOW CL,$94.990
Zapatillas Predator Mundial,$99.990
Zapatillas Alphaboost V1,"$119.990
$83.990"
Zapatillas OwnTheGame,$69.990
Zapatillas X_PLORBOOST,$169.990
Zapatillas Runfalcon 2.0,"$59.990
$41.990"
Zapatillas Ozelle Cloudfoam,"$79.990
$55.990"
Zapatillas Court Tourino,"$89.990
$62.990"
Zapatillas D.O.N. Issue 5,$149.990
Zapatillas Ultraboost DNA x COPA World Cup,"$189.990
$75.990"
Zapatillas Nizza Platform Mid,$72.990
Zapatillas Tyshawn Low,$99.990
Zapatillas X_PLORBOOST,"$169.990
$118.990"
Zapatillas de Running Alphabounce+ Sustainable Bounce,"$89.990
$71.990"
Zapatillas de Trail Running Terrex Agravic Flow 2.0,"$149.990
$89.990"
Zapatillas Questar,$86.990
Zapatillas adizero Cybersonic para Tenis,$179.990
Zapatillas de Running Alphabounce+ Sustainable Bounce,"$89.990
$71.990"
Zapatillas X_PLR Path,"$59.990
$41.990"
Zapatillas Five Ten Trailcross compatibles con Calas,"$149.990
$119.990"
Zapatillas Response,"$72.990
$57.990"
Zapatillas para Mountain Bike Five Ten Freerider Pro,"$119.990
$95.990"
Zapatillas de Mountain Bike Five Ten Trailcross para Calas,"$199.990
$119.990"
Zapatillas de Trail Running Terrex Trail Rider,"$74.990
$72.990"
Zapatillas Response CL,"$119.990
$95.990"
Zapatillas Racer TR23,$74.990
Zapatillas Top Ten RB,"$84.990
$58.990"
Zapatillas Adizero SL,$119.990
Zapatillas Rivalry Low,$94.990
Zapatillas de Running Switch FWD,"$139.990
$97.990"
Zapatillas X_PLR Phase,"$109.990
$76.990"
Zapatillas Superstar XLG,$124.990
Zapatillas X_PLORBOOST,"$169.990
$118.990"
Zapatillas Forum 84 Low,"$109.990
$87.990"
Zapatillas Ultrabounce,"$79.990
$55.990"
Zapatillas Samba OG,$99.990
Zapatillas de Senderismo Eastrail 2.0 RAIN.RDY,"$84.990
$67.990"
Zapatillas adidas Rivalry Low Itchy,"$119.990
$83.990"
Zapatillas de Trail Running Terrex Speed Ultra,"$159.990
$111.990"
Zapatillas Superstar ADV,$109.990
Zapatillas Questar,"$84.990
$58.990"
PREDATOR XLG,$139.990
Zapatillas CourtJam Control para Tenis,"$104.990
$72.990"
Zapatillas Adistar CS 2.0,"$159.990
$127.990"
Zapatillas Centennial 85 Low,$89.990
Zapatillas Campus 80s,$134.990
Zapatillas Solarboost 5,"$169.990
$118.990"
Zapatos de Futbol Forum Low,$99.990
Zapatillas OZELIA,"$109.990
$76.990"
Zapatillas Stan Smith 80s,"$149.990
$89.990"
Zapatillas Response CL,$119.990
Zapatillas Superstar XLG,$124.990
Zapatillas Adimatic,$84.990
Zapatillas de Trail Running Terrex Agravic Ultra,"$169.990
$118.990"
Zapatillas Top Ten 2000,"$139.990
$97.990"
Zapatillas X_PLORBOOST,"$169.990
$118.990"
Zapatillas de Ciclismo de Ruta The Road Cycling Shoes 2.0,"$139.990
$83.990"
Zapatillas Barricade para Tenis,$159.990
Zapatillas adidas Court Funk,"$89.990
$62.990"
NY 90,"$69.990
$55.990"
Zapatillas AdiFOM Superstar,$74.990
Zapatillas Hoops 3.0 Low Classic Vintage,$62.990
Zapatillas Questar,"$84.990
$58.990"
Zapatillas OZMILLEN,$89.990
Zapatillas Hoops 3.0 Low Classic Vintage,$62.990
Zapatillas Response,$119.990
Zapatillas Superstar XLG,$99.990
Zapatillas Blondey Pro Model ADV,$109.990
Zapatillas Osade,"$99.990
$79.990"
Y-3 ITOGO,$559.990
Zapatillas Superstar 82,$129.990
Zapatillas Swift Run,"$94.990
$65.990"
Zapatillas de Trail Running Terrex Agravic Tech Pro,"$249.990
$199.990"
Zapatillas X_PLORBOOST,"$169.990
$118.990"
Tenis Heawyn,"$94.990
$65.990"
Zapatillas Pureboost 22,"$129.990
$77.990"
Zapatilas Court Revival,"$94.990
$65.990"
Zapatillas Superstar Supermodified,$114.990
Zapatillas Terrex Voyager 21 HEAT.RDY Travel Calce Fácil,"$89.990
$71.990"
Zapatillas Response,$72.990
Zapatillas Superstar,$89.990
Zapatillas Questar,"$84.990
$58.990"
Zapatillas 5.10 Trailcross CLIP-IN,"$169.990
$118.990"
Zapatillas Superstar XLG,$89.990
Zapatillas Samba OG,$99.990
Zapatillas Runfalcon 2.0,$59.990
Zapatillas de Mountain Bike 5.10 Trailcross Pro para Calas,"$199.990
$169.990"
Zapatillas para Mountain Bike Five Ten Freerider Pro Lona,"$139.990
$97.990"
Zapatillas Rivalry Low,"$94.990
$75.990"
Zapatillas Superstar 82,$119.990
RESPONSE CL,$119.990
Zapatillas Lifestyle Hoops 3.0,$67.990
Zapatillas Gazelle DCDT GORE-TEX,$139.990
Zapatillas Questar,"$86.990
$59.990"
Zapatillas adidas Court Funk,"$89.990
$62.990"
Zapatillas Retropy F90,"$104.990
$72.990"
Zapatillas SolarGlide 4 ST,$69.990
Zapatillas Response,"$94.990
$65.990"
Zapatillas Swift Run,"$169.990
$118.990"
Zapatillas Kaptir Flow,"$79.990
$55.990"
Zapatillas Alphaboost V1,"$119.990
$83.990"
Zapatillas OwnTheGame,$69.990
Zapatillas para Mountain Bike Five Ten Freerider Lona,"$119.990
$95.990"
Zapatillas Web Boost,"$149.990
$89.990"
Zapatillas Coreracer,$49.990
Zapatillas Puig,$94.990
Zapatillas Top Ten RB,"$89.990
$53.990"
Zapatillas Questar,"$84.990
$67.990"
Zapatillas X_PLR Phase,"$109.990
$76.990"
Zapatillas Shadowturf SFTM,"$129.990
$103.990"
Zapatillas Lifestyle Hoops 3.0,$72.990
Zapatillas Runfalcon 2.0,$59.990
Zapatillas Adimatic,$84.990
Zapatillas Stan Smith Bonega,$99.990
Zapatillas Kantana,"$84.990
$58.990"
Zapatillas Astir,$99.990
Zapatillas Top Ten LP,$84.990
Zapatillas Questar,$84.990
Zapatillas Osade,"$99.990
$79.990"
TORSION SUPER,"$124.990
$85.990"
Zapatillas Superstar x KSENIASCHANIDER,$124.990
Zapatillas Osade,"$99.990
$69.990"
Zapatillas Dame 8 EXTPLY,$149.990
Zapatillas Adimatic,$84.990
Zapatillas X_PLORBOOST,$169.990
Zapatillas OZWEEGO Trail,$89.990
Zapatillas Superstar,$139.990
Zapatillas para Mountain Bike Five Ten Freerider Pro,"$94.990
$65.990"
Zapatillas Court Revival,"$69.990
$48.990"
Zapatillas Galaxy Star,"$169.990
$118.990"
Zapatillas Treziod PT,$84.990
Zapatillas Top Ten RB,$389.990
Y-3 RIVALRY,"$86.990
$59.990"
Zapatillas Questar,$69.990
Zapatillas 100DB,$94.990
Zapatillas Park Street,$77.990
Zapatillas Forum Low Classic,$89.990
Busenitz Vulc 2.0 Shoes,$209.990
Zapatillas Superstar,$104.990
Y-3 NIZZA LOW,$99.990
Zapatillas Superstar PRIDE RM,$169.990
Zapatillas Superstar x KSENIASCHANIDER,"$129.990
$90.990"
Zapatillas X_PLORBOOST,$89.990
Zapatillas adidas Rivalry High Scratchy,$84.990
Zapatillas Forum Low,"$89.990
$71.990"
Zapatillas Superstar,$89.990
Y-3 NIZZA LOW,$209.990
Zapatillas Superstar PRIDE RM,$104.990
Zapatillas X_PLORBOOST,$169.990
Zapatillas adidas Rivalry High Scratchy,"$129.990
$90.990"
Zapatillas Superstar x KSENIASCHANIDER,$99.990
Zapatillas Forum Low,$89.990
Zapatillas Adimatic,$84.990
Tenis Heawyn,"$94.990
$65.990"
COPA PREMIERE,"$89.990
$71.990"
Zapatillas Response Super 3.0,"$89.990
$62.990"
Zapatillas Campus 80s Cali Dewitt,$139.990
Midcity Mid Shoes,$79.990
Zapatillas de Trail Running Terrex Soulstride Flow,"$119.990
$83.990"
Zapatillas Stan Smith Bonega 2B,$124.990
Zapatillas OwnTheGame,$69.990
Zapatillas X_PLRPHASE,"$109.990
$76.990"
Zapatillas Campus 80s Cali Dewitt,$139.990
ADIMATIC MID X MAITE,$119.990
Zapatillas UBounce DNA,"$89.990
$62.990"
Zapatillas Top Ten RB,"$84.990
$67.990"
Zapatillas Ozelle Cloudfoam,$79.990
Zapatillas Bermuda,$104.990
Zapatillas adidas Grand Court Cloudfoam Lifestyle Court Comfort,$64.990
Zapatillas Adimatic,$84.990
Zapatillas Tyshawn Low,$99.990
Zapatillas Forum Mid,$99.990
Zapatillas Court Revival,"$94.990
$65.990"
Zapatillas Campus 80s Cali Dewitt,$139.990
Calzado de ciclismo de ruta,"$149.990
$104.990"
Zapatillas Human Made Forum,$139.990
Zapatillas Treziod PT,"$169.990
$118.990"
Zapatillas Entrap,$69.990
Zapatillas Torsion Super,"$124.990
$85.990"
Zapatillas Pureboost 23,"$129.990
$90.990"
Zapatillas Superstar x Disney,$99.990
Zapatillas Postmove Mid,$79.990
RIVALRY MID 001,"$119.990
$95.990"
Y-3 RIVALRY,$349.990
Zapatillas Ozelle Cloudfoam,$79.990
3MC,$69.990
Tyshawn Shoes,$89.990
Zapatillas Solarboost 5,$159.990
FORUM LOW CL,$94.990
Zapatillas Midcity Low,$74.990
Zapatilllas de Golf Superstar,"$134.990
$94.990"
Y-3 RIVALRY,$349.990
Zapatillas Country OG,$109.990
Zapatillas para Mountain Bike Five Ten Hellcat,"$189.990
$151.990"
Zapatillas de Básquet Own the Game 2.0 Lightmotion Mid,$69.990
Zapatillas EQ19 Run,"$84.990
$58.990"
Zapatillas para Mountain Bike Five Ten Sleuth DLX Lona,"$99.990
$79.990"
Zapatillas de Trail Running Terrex Agravic Flow 2.0,"$129.990
$103.990"
Puig Shoes,$94.990
Zapatillas Adifom Superstar,$79.990
Zapatillas de Mountain Bike Five Ten Trailcross GORE-TEX,$189.990
Y-3 RIVALRY,$349.990
Zapatillas Orketro,$149.990
Zapatillas de Senderismo Terrex AX4 GORE-TEX,$149.990
Botas de Senderismo Terrex Snowpitch COLD.RDY,"$169.990
$118.990"
Zapatillas de Golf BAPE x adidas Stan Smith,"$179.990
$125.990"
Zapatillas X_PLORBOOST,$94.990
Zapatillas de Ciclismo de Montaña Five Ten Hellcat,$119.990
Zapatillas Rivalry Low 86,"$69.990
$55.990"
ADIZERO SL W,"$104.990
$83.990"
Zapatillas Grand Court Alpha,$429.990
Zapatillas Forum Low PRIDE RM,"$159.990
$127.990"
Y-3 TERREX SWIFT R3 GTX HI,"$169.990
$101.990"
Zapatillas Solarboost 5,$84.990
Zapatillas de Trail Running Terrex Agravic Ultra,"$74.990
$51.990"
Zapatillas EQ21 Run,"$199.990
$159.990"
Zapatillas Puremotion 2.0,"$129.990
$90.990"
Zapatillas para Mountain Bike Five Ten Hellcat Pro,$89.990
Zapatillas Hyperturf,$139.990
Zapatillas Forum Low CL,$199.990
Zapatillas SOLARGLIDE 6,"$69.990
$48.990"
Zapatillas NMD S1,$239.990
Zapatillas Galaxy Star,"$69.990
$48.990"
Zapatillas Craig Green Stan Smith BOOST Low,$69.990
Zapatillas Galaxy Star,$429.990
Zapatillas Nizza Platform,"$169.990
$118.990"
Y-3 ITOGO,"$79.990
$55.990"
Zapatillas X_PLR Boost,$89.990
Zapatillas Ultrabounce,"$74.990
$51.990"
Zapatillas Adizero RC 4,$99.990
Zapatillas Racer TR23,$389.990
Zapatillas Superstar XLG,$59.990
Y-3 TERREX SWIFT R3 GTX LO,$69.990
Zapatillas Hoops 3.0,$139.990
Zapatillas de Ciclismo Velosamba Veganas,$109.990
Zapatillas Park Street,$99.990
Zapatillas Superstar Lux,$189.990
Zapatillas de Mountain Bike Five Ten Impact Pro,"$119.990
$83.990"
Zapatillas Adifom Climacool,$99.990
Zapatillas Superstar Supermodified,$114.990
Zapatos de Futbol Rivalry Low,$94.990
Zapatillas Treziod PT,"$189.990
$132.990"
Zapatillas Galaxy Star,"$69.990
$48.990"
Zapatillas Rivalry High,"$119.990
$95.990"
Zapatillas Craig Green Stan Smith BOOST Low,$239.990
ORKETRO 2,$149.990
Zapatos de Futbol RESPONSE CL,$119.990
Zapatillas Fluidflow 3.0,"$84.990
$58.990"
Zapatillas Adistar 2.0,$139.990
Zapatillas Stan Smith,$79.990
Zapatillas SOLARGLIDE 6,$139.990
Zapatillas Stan Smith CS,$74.990
Zapatillas Hoops 3.0,$59.990
Zapatillas Racer TR23,$74.990
Zapatillas Response,"$72.990
$57.990"
Zapatillas Adizero RC 5,$89.990
Zapatillas Swift Run,"$94.990
$65.990"
Zapatillas Nora,$89.990
Zapatillas de Ciclismo de Ruta The Road Cycling Shoes,$209.990
Zapatillas Superstar Lux,$139.990
Zapatillas Stan Smith CS,$74.990
Zapatillas Ozelia,"$109.990
$76.990"
Zapatillas Cloudfoam Go Sock,$54.990
Zapatillas Puremotion 2.0,"$74.990
$51.990"
Zapatillas Centennial RM,$84.990
Zapatillas de Trail Running Terrex Soulstride Flow,$119.990
Zapatillas Grand Court 2.0,$64.990
Zapatillas de Senderismo Terrex Swift R3 Mid GORE-TEX,$179.990
Zapatillas Ultraboost 5,$169.990
GAZELLE,$79.990
Y-3 AJATU COURT LOW,$259.990
Zapatillas Adistar 2.0,$139.990
Zapatillas Adistar CS 2.0,$159.990
Zapatillas de Senderismo Terrex Free Hiker 2.0 Low Gore-Tex,$169.990
Zapatillas AlphaEdge +,$59.990
Zapatillas de Senderismo Terrex Free Hiker 2.0 Low Gore-Tex,$169.990
Zapatillas Ultimashow 2.0,$52.990
Zapatillas Run 60s 3.0,$59.990
RUN 70s 2.0,$67.990
Zapatillas UBounce DNA,$89.990
Zapatillas AlphaEdge +,$59.990
Zapatillas Ultimashow 2.0,$52.990
Zapatillas adipower Field Hockey 2.1,$109.990
Zapatillas Park ST,$69.990
Zapatillas de Senderismo Terrex Free Hiker 2.0 Low Gore-Tex,$169.990
Zapatillas Run 60s 3.0,$59.990
Zapatillas de Senderismo Terrex Trailmaker 2.0 GORE-TEX,$109.990
Zapatillas Top Ten RB,$89.990
Zapatillas Postmove,$67.990
Zapatillas Pop Trading Co TRX,$89.990
Y-3 SUPERSTAR,$289.990
Zapatillas Mountain Bike Five Ten Freerider Primeblue,$79.990
Zapatillas Nizza Hi RF,$139.990
Zapatillas de Trail Running Terrex Agravic Flow 2.0,$119.990
Zapatillas Forum Mid Parley,$119.990
Zapatillas D Rose Son of Chi 3,$289.990
Y-3 AJATU COURT HIGH,$149.990
ORKETRO 2,"$109.990
$82.990"
Zapatillas ZNCHILL LIGHTMOTION+,$99.990
Zapatillas Courtflash Speed para Tenis,$119.990
RIVALRY HI,$279.990
Y-3 NIZZA LO,$99.990
Zapatillas Superstar XLG,$109.990
Zapatillas Busenitz,$309.990
Y-3 SUPERSTAR,$159.990
Zapatillas de Trail Running Terrex Speed Ultra,"$119.990
$95.990"
RIVALRY 86 LOW 001,$49.990
PepRun M,"$84.990
$58.990"
Zapatillas Fluidflow 3.0,$99.990
Zapatillas Pop Trading Co Superstar ADV,$124.990
Zapatillas Stan Smith Bonega 2B,"$189.990
$151.990"
Zapatillas para Mountain Bike Five Ten Freerider Pro Corte Medio,$99.990
BLONDEY CONTINENTAL,$399.990
Y-3 CENTENNIAL LO,$54.990
Zapatillas Lite Racer Rebold,$42.990
SheenWalk W,$89.990
Zapatillas Superstar,$179.990
ZAPATILLAS DE MOUNTAIN BIKE PARA CALAS 5.10 TRAILCROSS,$42.990
Zapatillas Niteball,$42.990
SheenWalk W,$99.990
SheenWalk W,$99.990
STAN SMITH MILLENCON W,$129.990
Zapatillas Superstar Parley,$49.990
Zapatillas de Trail Running Terrex Agravic Flow 2.0,$79.990
PepRun M,$109.990
POSTMOVE MID,$89.990
Zapatillas Supernova 2.0 x Parley,$44.990
Zapatillas Superstar,$124.990
Levato W,$139.990
TORSION TENNIS MID M,$189.990
Zapatillas Geodiver Primeblue,"$149.990
$59.990"
Tenis Ultraboost Light 23,"$169.990
$67.990"
Zapatillas Dropset 2,"$124.990
$60.990"
Zapatillas Ultraboost 1.0,"$149.990
$59.990"
Zapatillas Ultraboost Light 23,"$169.990
$67.990"
Zapatillas Handball Spezial,$89.990
Zapatillas Response Runner,"$49.990
$34.990"
Tenis Ultraboost Light 23,"$169.990
$67.990"
Zapatillas Gazelle,$79.990
Zapatillas de Running Supernova Rise,"$129.990
$77.990"
Zapatillas SL 72 RS,$79.990
Zapatillas Handball Spezial,$89.990
Zapatillas Handball Spezial,$89.990
Zapatillas Midcity Mid,$79.990
Zapatillas adidas VL Court 3.0,$64.990
Zapatillas Supernova Solution,"$139.990
$83.990"
Zapatillas de Running Supernova Rise,"$129.990
$77.990"
Zapatillas de Running Galaxy 7,$54.990
Zapatillas de Entrenamiento Amplimove,$59.990
ADI2000,$89.990
Zapatillas de Senderismo Eastrail 2.0,$79.990
Zapatillas Campus 800s,$94.990
Zapatillas Galaxy 6,"$54.990
$37.990"
Zapatillas Gamecourt 2.0 para Tenis,$69.990
Zapatillas Everyset,$74.990
Zapatillas de Entrenamiento Amplimove,$59.990
Zapatillas de Running Supernova Rise,"$129.990
$77.990"
Zapatillas Forum Low CL,$89.990
Zapatillas NMD_R1,"$129.990
$64.990"
STAR WAR X ADIDAS NMD_R1,"$129.990
$77.990"
Zapatillas Rapidmove,"$99.990
$69.990"
Zapatillas Campus 00s,$94.990
Zapatillas Samba Humanrace Pharrell Williams,$149.990
Zapatillas Gazelle,$79.990
Zapatillas de Senderismo Eastrail 2.0,"$79.990
$55.990"
CAMPUS 00s,$94.990
Zapatillas Own the Game 3,$59.990
Zapatillas Harden Volume 8,$159.990
Zapatillas Rivalry Low 86,"$104.990
$72.990"
Zapatillas Supernova Stride,"$89.990
$53.990"
Zapatillas Supernova Stride,"$89.990
$53.990"
Zapatillas Novaflight 2 Cancha Cubierta,$94.990
Zapatillas Handball Spezial,$89.990
Zapatillas Samba OG,$99.990
Zapatillas Samba OG,$99.990
Zapatillas Campus 00s,$94.990
Zapatillas SL 72 RS,$79.990
Zapatillas Daily 3.0,"$54.990
$37.990"
Zapatillas Campus 00s,$89.990
Zapatillas Stan Smith (UNISEX),$79.990
Zapatillas Duramo SL,"$52.990
$41.990"
Zapatillas Forum Low,$89.990
Zapatillas Rivalry 86 Low,"$104.990
$72.990"
Zapatillas Stan Smith,$99.990
Zapatillas Campus 00s,$94.990
Zapatillas Handball Spezial,$89.990
Zapatillas Handball Spezial,$89.990
Zapatillas Gazelle Chile,$79.990
Zapatillas Campus 00s,$94.990
Zapatillas Rapidmove ADV,$119.990
Zapatillas Duramo SL,$59.990
Zapatillas Campus 80s,$134.990
Zapatillas Samba adidas Originals,$99.990
Zapatillas Rivalry Summer Low,"$109.990
$76.990"
Zapatillas de Trail Running Terrex Soulstride,$89.990
Zapatillas de Senderismo Terrex AX3 GORE-TEX Corte Medio,$109.990
Zapatillas Campus 00s,$89.990
Zapatillas CourtJam Control 3 para Tenis sobre Arcilla,$99.990
Zapatillas Supernova Stride,"$89.990
$53.990"
Zapatillas OZWEEGO,$109.990
Zapatillas Superstar Bonega,$99.990
Zapatillas adizero Cybersonic para Tenis,$179.990
Zapatillas OZWEEGO,$109.990
Zapatillas de Senderismo TERREX WMN MID RAIN.RDY,"$119.990
$111.990"
Zapatillas Dropset 3,$129.990
Zapatillas Superstar,$89.990
Zapatillas Response Low,"$119.990
$83.990"
Zapatillas Barricade para Tenis,$169.990
Zapatillas Rivalry Low,$84.990
Zapatillas Swift Run 22,"$86.990
$59.990"
Zapatillas NMD_R1,"$129.990
$64.990"
Zapatillas Gamecourt 2.0 para Tenis,$79.990
Zapatillas Gazelle Bold,$89.990
Zapatillas Crazyflight 5 Cancha Cubierta,$119.990
Zapatillas adidas VL Court 3.0,$64.990
Zapatillas Galaxy 6,$54.990
Zapatillas adizero Cybersonic para Tenis,$179.990
Zapatillas de Mountain Bike Five Ten Freerider,$104.990
Zapatillas Forum Low CL,$89.990
Zapatillas Superstar ADV,$109.990
Zapatillas Supernova Stride,"$89.990
$53.990"
Zapatillas Galaxy 6,$54.990
Zapatillas Turnaround,$59.990
Zapatillas Gazelle,$79.990
Zapatillas Questar,"$84.990
$58.990"
Zapatillas NMD_R1 V3,"$129.990
$64.990"
Zapatillas Courtjam Control 3 para Tenis,$109.990
Zapatillas Adizero Ubersonic 4.1 para Tenis,$159.990
Zapatillas Ozelia,$109.990
Zapatillas Samba,$119.990
Zapatillas NMD_R1,"$129.990
$64.990"
Zapatillas de Trail Running Terrex Agravic Speed,$139.990
Zapatillas Superstar ADV,$79.990
YEEZY BOOST 350 V2,$184.990
Zapatillas de Tenis Defiant Speed 2,$119.990
Zapatillas Rivalry Summer Low,"$109.990
$76.990"
Zapatillas Campus 80s,$104.990
Zapatillas Handball Spezial,$89.990
Zapatillas Everyset,$74.990
Zapatillas Matchbreak Super,$89.990
Zapatillas Rivalry Low,"$84.990
$58.990"
Zapatillas Park Street,$69.990
Zapatillas Gazelle,$79.990
Zapatillas Samba,$119.990
Zapatillas Handball Spezial,$89.990
Zapatillas Forum Mod Low,$104.990
Zapatillas Barricade para Tenis,$169.990
Zapatillas Gazelle,$79.990
Zapatillas Rivalry Mid,$99.990
STAR WARS X ADIDAS SSTR XLG,$129.990
Zapatillas Busenitz Vulc II,$77.990
Zapatillas NMD_V3,$139.990
Zapatillas Response Super,"$69.990
$48.990"
Zapatillas Trae Young 3,$149.990
Zapatillas Rapidmove ADV,$119.990
Zapatillas Harden Volume 8,$159.990
Zapatillas OZMILLEN,$89.990
Zapatillas Superstar ADV,$109.990
Zapatillas Samba,$99.990
Zapatillas Forum Mod Low,$104.990
Zapatillas Duramo Speed,$89.990
Zapatillas Superstar,$104.990
Zapatillas Superstar,$89.990
Zapatillas adidas VL Court 3.0,$64.990
Zapatillas Gazelle Indoor,$99.990
Zapatillas de Running 4DFWD 3,"$239.990
$167.990"
Zapatillas Everyset Trainer,$74.990
Zapatillas EQ21 Run,"$84.990
$58.990"
Zapatillas Response CL,$119.990
Zapatillas Gazelle,$89.990
Zapatillas AdiFOM Superstar,$74.990
Zapatillas Rapidmove ADV,"$119.990
$83.990"
Zapatillas Superstar,$84.990
Zapatillas Rapidmove,$99.990
Zapatillas Trae Young 2.0,"$159.990
$111.990"
Zapatillas D.O.N. Issue 4,"$129.990
$90.990"
NY 90,$74.990
Zapatillas Adizero Boston 12,$149.990
Zapatillas de Ciclismo Velosamba Made With Nature,$159.990
Zapatillas NMD_R1,"$129.990
$64.990"
Zapatillas Ultraboost DNA x COPA World Cup,"$189.990
$75.990"
Zapatillas NMD_V3,$129.990
Zapatillas de Senderismo Terrex Daroga Plus HEAT.RDY,$79.990
Zapatillas Campus 80s,$104.990
Zapatillas adidas 4D Krazed,"$239.990
$143.990"
Zapatillas de Trail Running Tracerocker 2.0,$69.990
Zapatillas Duramo RC,$39.990
Zapatillas Campus 00s,$94.990
Zapatillas de Senderismo Terrex Skychaser Tech Gore-Tex,$219.990
ADIZERO SL,$119.990
Zapatillas Campus 00s,$99.990
Zapatillas Samba,$99.990
COURT TOURINO,"$84.990
$58.990"
Zapatillas Gazelle Y-3,$289.990
Zapatillas Gazelle 85,$89.990
Zapatillas Trae Young 3 Low,$149.990
Zapatillas Rapidmove,$99.990
Zapatillas de Básquet D.O.N. Issue 5,$149.990
Zapatillas Coreracer,$49.990
Zapatillas Adizero Ubersonic 4.1 para Tenis,$159.990
Zapatillas Rivalry Hi,"$119.990
$83.990"
Zapatillas NMD_S1,$159.990
Zapatillas Forum 84 Low CL,$99.990
Zapatillas adidas Front Court,$79.990
Zapatillas Stan Smith CS,$69.990
Zapatillas Indoor Ligra 7,$89.990
Zapatillas Samba,$99.990
Zapatillas Forum 84 High Closer Look,"$159.990
$111.990"
Zapatillas Runfalcon 2.0,"$59.990
$47.990"
Zapatillas BAPE x adidas Stan Smith,$139.990
Zapatillas Running Switch Run,"$76.990
$60.990"
Zapatillas Rivalry Low,"$84.990
$58.990"
Zapatillas Pureboost 22,"$99.990
$69.990"
Zapatillas Guam,$99.990
Zapatillas Rivalry Low 86,"$104.990
$72.990"
adiFOM CLIMACOOL,$99.990
Zapatillas Tennis Hu,"$89.990
$62.990"
Zapatillas Pureboost 22,"$99.990
$59.990"
Zapatillas Superstar,$79.990
Zapatillas Rivalry Low 86,"$104.990
$72.990"
Zapatillas Rivalry Low,"$84.990
$58.990"
Zapatillas Adifom Climacool,"$99.990
$79.990"
Zapatillas adidas Front Court,$79.990
Zapatillas para Mountain Bike Five Ten Freerider Pro,$139.990
VL COURT 3.0,$64.990
Zapatillas para Mountain Bike Five Ten Freerider Pro Lona,"$149.990
$119.990"
Zapatillas Adimatic,$84.990
Tenis Dill Samba Patent Leather,$109.990
Zapatillas de Running Questar 3,$84.990
Zapatillas Centennial RM,$84.990
Zapatillas Artillery 24,$89.990
Zapatillas Grand Court Alpha,$79.990
Zapatillas EQ21 Run,$84.990
Zapatillas de Ciclismo Velosamba Made With Nature,$159.990
Zapatillas Rivalry High,"$119.990
$95.990"
Zapatillas Rivalry Low 86,"$94.990
$65.990"
Zapatillas Tyshawn Remastered,$94.990
Zapatillas Busenitz,$89.990
Zapatillas Supernova Rise Move for the Planet,"$139.990
$111.990"
Zapatillas Duramo Speed,$89.990
Zapatillas Harden Volume 8,$159.990
Zapatillas de Senderismo Eastrail 2.0 RAIN.RDY Mid,$89.990
Zapatillas Campus Highsnobiety Highart,$114.990
Zapatillas Busenitz Pro,$89.990
Zapatillas X_PLR Phase,$109.990
Zapatillas Samba OG,$99.990
Zapatillas Duramo SL,$59.990
MIDCITY LOW,$74.990
Zapatillas de Senderismo Terrex AX4 GORE-TEX,$129.990
Zapatillas Crazychaos 2000,$79.990
MIDCITY LOW,$74.990
Zapatillas Kantana,$84.990
GRAND COURT BASE 00s,$54.990
Zapatillas ZNSORED Hi,$99.990
Zapatillas Advantage 2.0,$64.990
Zapatillas Samba OG,$99.990
Zapatillas de Trail Running Terrex Agravic Speed Ultra,$179.990
Zapatillas Samba XLG,$99.990
Alpharesponse Shoes,$89.990
Zapatillas de Trail Running Terrex Trail Rider,$104.990
Zapatillas Tyshawn,$99.990
Zapatillas Alphabounce+,"$89.990
$62.990"
Zapatillas adidas Grand Court 2.0,$64.990
Zapatillas Nora,$89.990
Y-3 SUPERSTAR,$309.990
Zapatillas Supernova Stride Move for the Planet,"$99.990
$79.990"
Zapatillas Adizero RC 4,$89.990
STAN SMITH SPORTY&RICH,$109.990
Y-3 SUPERSTAR,$289.990
Zapatillas Response,$54.990
Zapatillas Response Super,$69.990
Zapatillas Ultraboost Supernova DNA,$179.990
Zapatillas Breaknet,$109.990
Zapatillas De Running Adizero Lightstrike Corte Bajo,"$52.990
$36.990"
Zapatillas Roverend,"$49.990
$34.990"
Zapatillas Duramo SL,"$52.990
$36.990"
Zapatillas Response Runner,"$129.990
$77.990"
Zapatillas Duramo SL,"$54.990
$37.990"
Zapatillas de Running Supernova Rise,"$49.990
$34.990"
Zapatillas Galaxy 6,"$79.990
$55.990"
Zapatillas Response Runner,"$54.990
$37.990"
Zapatillas Ozelle Cloudfoam,"$99.990
$69.990"
Zapatillas Response,"$49.990
$34.990"
Zapatillas Courtjam Control 3 para Tenis,"$49.990
$34.990"
Zapatillas Response Runner,"$94.990
$65.990"
Zapatillas Advantage Base adidas Court,"$84.990
$58.990"
Zapatillas de Senderismo Terrex AX4,"$64.990
$44.990"
Zapatillas Rivalry Low,"$64.990
$38.990"
Zapatillas Advantage,"$89.990
$62.990"
Zapatillas Advantage,"$119.990
$111.990"
Zapatillas Duramo Speed,"$49.990
$34.990"
Zapatillas Terrex Swift T3 Gore-Tex,"$39.990
$27.990"
Zapatillas Response Runner,"$54.990
$37.990"
Zapatillas Grand Court Base 2.0,"$59.990
$41.990"
Zapatillas Response,"$52.990
$36.990"
Zapatillas Runfalcon 2.0,"$57.990
$39.990"
Zapatillas Duramo SL,"$89.990
$62.990"
Zapatillas Courtblock,"$64.990
$44.990"
Zapatillas Duramo Speed,"$64.990
$51.990"
Zapatillas Advantage,"$119.990
$83.990"
Zapatillas adidas Grand Court,"$64.990
$44.990"
Zapatillas TMNT Shell-Toe Splinter,"$64.990
$44.990"
Zapatillas adidas Grand Court 2.0,"$69.990
$48.990"
Zapatillas Advantage,"$57.990
$39.990"
Zapatillas Stan Smith CS,"$89.990
$62.990"
Zapatillas Courtblock,"$104.990
$72.990"
Zapatillas Duramo Speed,"$129.990
$77.990"
Zapatillas Rivalry Low 86,"$59.990
$41.990"
Zapatillas Avryn,"$54.990
$37.990"
Zapatillas Runfalcon 2.0,"$99.990
$69.990"
Zapatillas Response,"$69.990
$48.990"
Zapatillas Adifom Climacool,"$99.990
$59.990"
Zapatillas Response Super,"$59.990
$41.990"
Zapatillas Supernova 2.0,"$59.990
$47.990"
Zapatillas Runfalcon 2.0,"$69.990
$48.990"
Zapatillas Runfalcon 2.0,"$64.990
$44.990"
Zapatillas Response Super,$94.990
Zapatillas de Senderismo Terrex AX4 Mid GORE-TEX,$149.990
Zapatillas de Senderismo Eastrail 2.0,$79.990
Zapatillas adidas Grand Court TD Lifestyle Court Casual,$39.990
Zapatillas de Trail Running Tracefinder,$49.990
Zapatillas Dropset 3,$129.990
Zapatillas Duramo RC,$39.990
Zapatillas Adi2000,$89.990
Zapatillas Samba OG,$99.990
Zapatillas adidas Court Plataforma,$59.990
LITE RACER 4.0,$39.990
Zapatillas de Senderismo Eastrail 2.0 RAIN.RDY Mid,$89.990
Zapatillas Duramo RC,$39.990
Zapatillas de Senderismo Terrex AX4,$94.990
Zapatillas adidas Grand Court TD Lifestyle Court Casual,$39.990
Zapatillas Own the Game 3,$59.990
Zapatillas Campus 00s,$94.990
Zapatillas Racer TR23,$74.990
Zapatillas adidas VL Court 3.0,$64.990
LITE RACER 4.0,$39.990
Zapatillas Midcity Mid,$79.990
Zapatillas Midcity Mid,$79.990
URBAN COURT,$49.990
Zapatillas Lite Racer 3.0,$39.990
Zapatillas Indoor Ligra 7,$89.990
Zapatillas Advantage,$64.990
Zapatillas adidas VL Court 3.0,$64.990
Zapatillas Campus 00s,$94.990
Zapatillas Novaflight 2 Cancha Cubierta,$94.990
Zapatillas Gazelle,$89.990
Zapatillas Duramo RC,$39.990
Zapatillas Hoops 3.0 Low Classic Vintage,$62.990
Zapatillas Matchbreak Super,$89.990
Zapatillas Response Runner,$49.990
Zapatillas Handball Spezial,$89.990
Zapatillas Rivalry Low,$84.990
Zapatillas Hoops 3.0 Low Classic Vintage,$62.990
Zapatillas Hoops 3.0 Low Classic Vintage,$62.990
Zapatillas Forum Low CL,$89.990
Zapatillas Turnaround Mid,$64.990
Zapatillas Superstar,$79.990
Zapatillas Turnaround,$59.990
Zapatillas Campus 80s,$89.990
Zapatillas de Running Supernova Rise,$129.990
Zapatillas Galaxy 6,$54.990
NY 90,$74.990
Zapatillas 3MC Vulc,$64.990
Zapatillas ADIZERO ADIOS PRO 3,$229.990
Zapatillas Gazelle 85,$79.990
Zapatillas Handball Spezial,$89.990
Zapatillas Rivalry Low,$84.990
Zapatillas Hoops 3.0 Low Classic Vintage,$62.990
Zapatillas Hoops 3.0 Low Classic Vintage,$62.990
Zapatillas Forum Low CL,$89.990
Zapatillas Hoops 3.0 Low Classic Vintage,$62.990
Zapatillas Turnaround Mid,$64.990
Zapatillas Turnaround,$59.990
Zapatillas Campus 80s,$89.990
Zapatillas Superstar,$79.990
Zapatillas de Running Supernova Rise,$129.990
Zapatillas Galaxy 6,$54.990
NY 90,$74.990
Zapatillas 3MC Vulc,$64.990
Zapatillas ADIZERO ADIOS PRO 3,$229.990
Zapatillas Gazelle 85,$79.990
Zapatillas Response,$72.990
Zapatillas Dame Certified 2,$89.990
Zapatillas Turnaround,$59.990
Zapatillas Supernova Stride,$89.990
Zapatillas Samba Decon,$129.990
Zapatillas Dame Certified 2,$89.990
Zapatillas de Senderismo Terrex Anylander,$64.990
Zapatillas Galaxy 6,$54.990
STAR WARS X ADIDAS STAN SMITH,$129.990
URBAN COURT,$49.990
Zapatillas Midcity Low,$74.990
ADIZERO SL,$119.990
Zapatillas Hoops 3.0 Low Classic Vintage,$62.990
Zapatillas Hoops 3.0 Mid Classic,$67.990
Zapatillas Courtblock,$57.990
Zapatillas Galaxy 6,$54.990
Zapatillas Campus 00s,$94.990
Zapatillas Hoops 3.0 Mid Classic Vintage,$67.990
Zapatillas de Running Switch Move,$47.990
Zapatillas de Trail Running Terrex Soulstride Flow,$119.990
Zapatillas AlphaEdge +,$59.990
Zapatillas Gazelle,$79.990
Zapatillas Stan Smith CS,$69.990
Zapatillas Hoops 3.0 Low Classic Vintage,$62.990
Zapatillas Park Street,$69.990
Zapatillas Hoops 3.0 Mid Classic Vintage,$67.990
Zapatillas OwnTheGame,$69.990
Zapatillas Superstar ADV,$79.990
CAMPUS VULC,$74.990
Zapatillas Courtblock,$57.990
Zapatillas Gazelle Indoor,$89.990
Zapatillas Turnaround Mid,$64.990
Zapatillas Superstar XLG,$89.990
Zapatillas Superstar XLG,$89.990
Zapatillas de Running Runfalcon 5,$59.990
Zapatillas Turnaround Mid,$64.990
Zapatillas AlphaEdge +,$59.990
Zapatillas de Running Runfalcon 5,$59.990
Zapatillas adizero Cybersonic para Tenis en Arcilla,$179.990
Zapatillas Breaknet 2.0,$54.990
CAMPUS VULC,$74.990
Zapatillas Forum Low CL,$89.990
Zapatillas Courtblock,$57.990
Zapatillas de Running Ultrabounce 5,$79.990
Zapatillas Adizero Takumi Sen 10,$169.990
Zapatillas Breaknet 2.0,$54.990
Zapatillas OZWEEGO,$109.990
Zapatillas X_PLR Phase,$109.990
Zapatillas Breaknet 2.0,$54.990
Zapatillas de Senderismo Eastrail 2.0,$79.990
Zapatillas Superstar,$79.990
Zapatillas Superstar,$79.990
Zapatillas Run 60s 3.0,$59.990
Zapatillas Swift Run 22,$86.990
Zapatillas Handball Spezial,$89.990
Zapatillas SL 72 RS,$79.990
Zapatillas SL 72 RS,$79.990
Zapatillas Barricade 13 Arcilla para Tenis,$169.990
ADIMATIC,$84.990
Zapatillas Duramo RC,$39.990
Zapatillas Samba Humanrace Pharrell Williams,$149.990
Zapatillas Handball Spezial,$89.990
Zapatillas Handball Spezial,$89.990
Zapatillas Samba Decon,$129.990
Zapatillas Samba OG,$99.990
Zapatillas Forum Low CL,$89.990
Zapatillas Adizero Boston 12,$149.990
Zapatillas Gamecourt 2.0 para Tenis,$79.990
Zapatillas SL 72 RS,$79.990
Zapatillas Duramo SL,$59.990
Zapatillas Gazelle,$79.990
Zapatillas Samba OG,$99.990
Zapatillas Forum Low CL,$89.990
Zapatillas Daily 3.0,$54.990
Zapatillas X_PLR Path,$59.990
Zapatillas Forum Bold Stripes,$99.990
Zapatillas adidas Court Spec 2 para Tenis,$69.990
Zapatillas adidas Grand Court,$64.990
Zapatillas Rapidmove ADV,$119.990
Zapatillas Advantage 2.0,$64.990
RESPONSE RUNNER U,$49.990
Zapatillas Gazelle,$79.990
Zapatillas Galaxy 6,$54.990
LITE RACER 4.0,$39.990
Zapatillas Samba ADV,$109.990
Zapatillas Duramo Speed,$89.990
Zapatillas Duramo RC,$52.990
Zapatillas adidas VL Court 3.0,$64.990
Zapatillas ADIZERO ADIOS PRO 3,$229.990
Zapatillas Courtblock,$57.990
Zapatillas Handball Spezial,$89.990
Zapatillas Duramo RC,$39.990
Zapatillas Adizero Takumi Sen 10,$169.990
Zapatillas Courtflash Speed para Tenis,$99.990
Zapatillas Gazelle Juventus,$79.990
Zapatillas Campus ADV,$109.990
Zapatillas CourtJam Control 3 para Tenis sobre Arcilla,$109.990
Zapatillas Handball Spezial,$89.990
Zapatillas Superstar,$79.990
Zapatillas Galaxy 6,$54.990
Zapatillas Gazelle,$79.990
Zapatillas Gazelle Colombia,$79.990
Zapatillas Gazelle,$79.990
Zapatillas Gazelle,$79.990
Zapatillas Campus 80s,$89.990
Zapatillas Gazelle Indoor,$89.990
Zapatillas de Running Questar 3,$84.990
4DFWD 4 M,$239.990
Zapatillas Courtflash Speed para Tenis,$99.990
Zapatillas Response Super,$69.990
YEEZY BOOST 700 V2 TEPHRA,$209.990
Zapatillas Duramo Speed,$89.990
Zapatillas Samba FA,$99.990
Zapatillas Courtblock,$57.990
Zapatillas de Trail Running Terrex Agravic Speed,$139.990
Zapatillas Campus 00s,$94.990
FORUM MID,$99.990
Zapatillas Adizero Takumi Sen 10,$169.990
Zapatillas Campus 00s,$94.990
Zapatillas de Running Galaxy 7,$54.990
Zapatillas Gazelle,$79.990
RESPONSE RUNNER U,$49.990
Zapatillas de Running Galaxy 7,$54.990
Zapatillas UBounce DNA,$89.990
Zapatillas de Running Switch Move,$47.990
YZY 700 V3,$169.990
YZY KNIT RNR,$174.990
Zapatillas de Running Galaxy 7,$54.990
RESPONSE RUNNER U,$49.990
Zapatillas Rivalry Low,$84.990
Zapatillas X_PLR Path,$59.990
Zapatillas Forum Low x The Grinch,$159.990
Zapatillas X_PLR Path,$59.990
Zapatillas de Running Switch Move,$47.990
Zapatillas adidas Grand Court Cloudfoam Lifestyle Court Comfort,$64.990
Zapatillas Response,$54.990
RESPONSE RUNNER U,$49.990
Zapatillas Advantage 2.0,$64.990
Zapatillas Centennial RM,$84.990
Zapatillas Advantage 2.0,$64.990
Zapatillas Advantage Base 2.0,$54.990
RESPONSE RUNNER U,$49.990
Zapatillas adidas VL Court 3.0,$64.990
Zapatillas de Trail Running Tracefinder,$49.990
Zapatillas Everyset,$74.990
GRAND COURT BASE 00s,$54.990
RUN 70s 2.0,$67.990
Zapatillas de Trail Running Tracefinder,$49.990
Zapatillas Crazychaos 2000,$79.990
Alpharesponse Shoes,$89.990
Zapatillas Crazychaos 2000,$79.990
BREAK START MID,$64.990
Zapatillas de Running Questar 3,$84.990
Zapatillas Response Super,$69.990
Zapatillas Response,$54.990
Zapatillas Response,$54.990
Zapatillas Response,$54.990
Zapatillas Gazelle Indoor,$89.990
Zapatillas AE 1 Best Of Adi,$119.990
Zapatillas Forum Low,$89.990
Zapatillas Adizero Takumi Sen 10,$169.990
Zapatillas Duramo SL,$52.990
Zapatillas Forum Low,$89.990
Zapatillas AE 1 The Future,$119.990
Zapatillas ADIZERO ADIOS PRO 3,$229.990
Zapatillas Samba OG,$99.990
Zapatillas ADIZERO ADIOS PRO 3,$229.990
Zapatillas Advantage Base adidas Court Lifestyle,$49.990
Zapatillas Samba OG,$99.990
Zapatillas Adizero Boston 12,$149.990
Zapatillas Superstar,$79.990
Zapatillas Courtblock,$57.990
Zapatillas Superstar,$79.990
Zapatillas Samba OG,$99.990
